<?xml version="1.0"?>
<!--<!DOCTYPE metadata SYSTEM "http://www.esri.com/metadata/esriprof80.dtd">-->
<metadata xml:lang="cs"><Esri><MetaID>{D82A00CB-51ED-4C59-A4CF-F00B5F890CC6}</MetaID><CreaDate>20160127</CreaDate><CreaTime>15173200</CreaTime><SyncOnce>TRUE</SyncOnce><DataProperties><lineage><Process ToolSource="C:\Program Files\ArcGIS\ArcToolbox\Toolboxes\Data Management Tools.tbx\BuildRasterAttributeTable" Date="20160127" Time="151732">BuildRasterAttributeTable g250_clc90_kontrolni_ext_opravena_8bit_pbit.tif Overwrite g250_clc90_kontrolni_ext_opravena_8bit_pbit.tif</Process><Process ToolSource="C:\Program Files\ArcGIS\ArcToolbox\Toolboxes\Data Management Tools.tbx\AddColormap" Date="20160127" Time="153444">AddColormap g250_clc90_kontrolni_ext_opravena_8bit_pbit.tif g250_clc90_V18_4.tif g250_clc90_kontrolni_ext_opravena_8bit_pbit.tif</Process></lineage></DataProperties></Esri></metadata>
