<PAMDataset>
  <Metadata>
    <MDI key="DataType">Generic</MDI>
  </Metadata>
  <Metadata domain="Esri">
    <MDI key="PyramidResamplingType">NEAREST</MDI>
  </Metadata>
  <PAMRasterBand band="1">
    <Histograms>
      <HistItem>
        <HistMin>-0,5</HistMin>
        <HistMax>48,5</HistMax>
        <BucketCount>49</BucketCount>
        <IncludeOutOfRange>1</IncludeOutOfRange>
        <Approximate>0</Approximate>
        <HistCounts>0|96983|1842364|246993|19166|12843|38351|80985|14576|19999|31148|72880|17880054|1363504|119725|671532|459965|685138|5111675|158711|4738936|4165122|503724|7182473|5907995|3453184|2973673|450535|1698964|3398460|70126|596876|2077202|31287|24956|211208|274620|43651|12827|133495|153237|618983|89803|30747|15026566|0|0|0|1421771</HistCounts>
      </HistItem>
    </Histograms>
    <GDALRasterAttributeTable>
      <FieldDefn index="0">
        <Name>OID</Name>
        <Type>0</Type>
        <Usage>0</Usage>
      </FieldDefn>
      <FieldDefn index="1">
        <Name>Value</Name>
        <Type>0</Type>
        <Usage>0</Usage>
      </FieldDefn>
      <FieldDefn index="2">
        <Name>Count</Name>
        <Type>1</Type>
        <Usage>0</Usage>
      </FieldDefn>
      <Row index="0">
        <F>0</F>
        <F>1</F>
        <F>96983</F>
      </Row>
      <Row index="1">
        <F>1</F>
        <F>2</F>
        <F>1842364</F>
      </Row>
      <Row index="2">
        <F>2</F>
        <F>3</F>
        <F>246993</F>
      </Row>
      <Row index="3">
        <F>3</F>
        <F>4</F>
        <F>19166</F>
      </Row>
      <Row index="4">
        <F>4</F>
        <F>5</F>
        <F>12843</F>
      </Row>
      <Row index="5">
        <F>5</F>
        <F>6</F>
        <F>38351</F>
      </Row>
      <Row index="6">
        <F>6</F>
        <F>7</F>
        <F>80985</F>
      </Row>
      <Row index="7">
        <F>7</F>
        <F>8</F>
        <F>14576</F>
      </Row>
      <Row index="8">
        <F>8</F>
        <F>9</F>
        <F>19999</F>
      </Row>
      <Row index="9">
        <F>9</F>
        <F>10</F>
        <F>31148</F>
      </Row>
      <Row index="10">
        <F>10</F>
        <F>11</F>
        <F>72880</F>
      </Row>
      <Row index="11">
        <F>11</F>
        <F>12</F>
        <F>17880054</F>
      </Row>
      <Row index="12">
        <F>12</F>
        <F>13</F>
        <F>1363504</F>
      </Row>
      <Row index="13">
        <F>13</F>
        <F>14</F>
        <F>119725</F>
      </Row>
      <Row index="14">
        <F>14</F>
        <F>15</F>
        <F>671532</F>
      </Row>
      <Row index="15">
        <F>15</F>
        <F>16</F>
        <F>459965</F>
      </Row>
      <Row index="16">
        <F>16</F>
        <F>17</F>
        <F>685138</F>
      </Row>
      <Row index="17">
        <F>17</F>
        <F>18</F>
        <F>5111675</F>
      </Row>
      <Row index="18">
        <F>18</F>
        <F>19</F>
        <F>158711</F>
      </Row>
      <Row index="19">
        <F>19</F>
        <F>20</F>
        <F>4738936</F>
      </Row>
      <Row index="20">
        <F>20</F>
        <F>21</F>
        <F>4165122</F>
      </Row>
      <Row index="21">
        <F>21</F>
        <F>22</F>
        <F>503724</F>
      </Row>
      <Row index="22">
        <F>22</F>
        <F>23</F>
        <F>7182473</F>
      </Row>
      <Row index="23">
        <F>23</F>
        <F>24</F>
        <F>5907995</F>
      </Row>
      <Row index="24">
        <F>24</F>
        <F>25</F>
        <F>3453184</F>
      </Row>
      <Row index="25">
        <F>25</F>
        <F>26</F>
        <F>2973673</F>
      </Row>
      <Row index="26">
        <F>26</F>
        <F>27</F>
        <F>450535</F>
      </Row>
      <Row index="27">
        <F>27</F>
        <F>28</F>
        <F>1698964</F>
      </Row>
      <Row index="28">
        <F>28</F>
        <F>29</F>
        <F>3398460</F>
      </Row>
      <Row index="29">
        <F>29</F>
        <F>30</F>
        <F>70126</F>
      </Row>
      <Row index="30">
        <F>30</F>
        <F>31</F>
        <F>596876</F>
      </Row>
      <Row index="31">
        <F>31</F>
        <F>32</F>
        <F>2077202</F>
      </Row>
      <Row index="32">
        <F>32</F>
        <F>33</F>
        <F>31287</F>
      </Row>
      <Row index="33">
        <F>33</F>
        <F>34</F>
        <F>24956</F>
      </Row>
      <Row index="34">
        <F>34</F>
        <F>35</F>
        <F>211208</F>
      </Row>
      <Row index="35">
        <F>35</F>
        <F>36</F>
        <F>274620</F>
      </Row>
      <Row index="36">
        <F>36</F>
        <F>37</F>
        <F>43651</F>
      </Row>
      <Row index="37">
        <F>37</F>
        <F>38</F>
        <F>12827</F>
      </Row>
      <Row index="38">
        <F>38</F>
        <F>39</F>
        <F>133495</F>
      </Row>
      <Row index="39">
        <F>39</F>
        <F>40</F>
        <F>153237</F>
      </Row>
      <Row index="40">
        <F>40</F>
        <F>41</F>
        <F>618983</F>
      </Row>
      <Row index="41">
        <F>41</F>
        <F>42</F>
        <F>89803</F>
      </Row>
      <Row index="42">
        <F>42</F>
        <F>43</F>
        <F>30747</F>
      </Row>
      <Row index="43">
        <F>43</F>
        <F>44</F>
        <F>15026566</F>
      </Row>
      <Row index="44">
        <F>44</F>
        <F>48</F>
        <F>1421771</F>
      </Row>
      <Row index="45">
        <F>45</F>
        <F>255</F>
        <F>394182987</F>
      </Row>
    </GDALRasterAttributeTable>
    <Metadata>
      <MDI key="STATISTICS_MINIMUM">1</MDI>
      <MDI key="STATISTICS_MAXIMUM">48</MDI>
      <MDI key="STATISTICS_MEAN">24,540792998678</MDI>
      <MDI key="STATISTICS_STDDEV">11,824874055076</MDI>
      <MDI key="STATISTICS_COVARIANCES">139,827646418412</MDI>
    </Metadata>
  </PAMRasterBand>
</PAMDataset>
