<?xml version="1.0" encoding="UTF-8"?>
<metadata xml:lang="cs"><Esri><CreaDate>20160126</CreaDate><CreaTime>14531400</CreaTime><ArcGISFormat>1.0</ArcGISFormat><ArcGISstyle>FGDC CSDGM Metadata</ArcGISstyle><SyncOnce>FALSE</SyncOnce><DataProperties><lineage><Process ToolSource="c:\program files (x86)\arcgis\desktop10.1\ArcToolbox\Toolboxes\Spatial Analyst Tools.tbx\RasterCalculator" Date="20160126" Time="145314">RasterCalculator Con(IsNull("g250_clc90_oprava.tif"),"g250_clc90_kontrolni_ext.tif","g250_clc90_oprava.tif") D:\DATA\mkopecky\clc2012_18_5\final_checks\g250_clc90_kontrolni_ext_opravena.tif</Process><Process ToolSource="c:\program files (x86)\arcgis\desktop10.1\ArcToolbox\Toolboxes\Data Management Tools.tbx\CopyRaster" Date="20160127" Time="142254">CopyRaster D:\DATA\mkopecky\clc2012_18_5\final_checks\g250_clc90_kontrolni_ext_opravena.tif D:\DATA\mkopecky\clc2012_18_5\final_checks\g250_clc90_kontrolni_ext_opravena_8bit_pbit.tif # # 255 NONE NONE 8_BIT_UNSIGNED NONE NONE</Process><Process ToolSource="C:\Program Files\ArcGIS\ArcToolbox\Toolboxes\Data Management Tools.tbx\CalculateStatistics" Date="20160127" Time="151645">CalculateStatistics I:\data\mkopecky\clc_rev18\clc_release_18_5_rastry\g250_clc90_kontrolni_ext_opravena_8bit_pbit.tif 1 1 255 I:\data\mkopecky\clc_rev18\clc_release_18_5_rastry\g250_clc90_kontrolni_ext_opravena_8bit_pbit.tif</Process><Process ToolSource="c:\program files (x86)\arcgis\desktop10.1\ArcToolbox\Toolboxes\Data Management Tools.tbx\JoinField" Date="20160127" Time="184557">JoinField D:\DATA\mkopecky\clc2012_18_5\final_checks\g250_clc90_kontrolni_ext_opravena_8bit_pbit.tif Value D:\DATA\mkopecky\clc2012_18_5\final_checks\clc_legend.dbf GRID_CODE CLC_CODE;LABEL3</Process></lineage><itemProps><itemName Sync="TRUE">g250_clc90_kontrolni_ext_opravena_8bit_pbit.tif</itemName><itemLocation><linkage Sync="TRUE">file://D:\DATA\mkopecky\clc2012_18_5\final_checks\g250_clc90_kontrolni_ext_opravena_8bit_pbit.tif</linkage><protocol Sync="TRUE">Local Area Network</protocol></itemLocation><imsContentType Sync="TRUE">002</imsContentType><nativeExtBox><westBL Sync="TRUE">900000.000000</westBL><eastBL Sync="TRUE">7400000.000000</eastBL><southBL Sync="TRUE">900000.000000</southBL><northBL Sync="TRUE">5500000.000000</northBL><exTypeCode Sync="TRUE">1</exTypeCode></nativeExtBox></itemProps><coordRef><type Sync="TRUE">Projected</type><geogcsn Sync="TRUE">GCS_ETRS_1989</geogcsn><csUnits Sync="TRUE">Linear Unit: Meter (1.000000)</csUnits><projcsn Sync="TRUE">ETRS_1989_LAEA</projcsn><peXml Sync="TRUE">&lt;ProjectedCoordinateSystem xsi:type='typens:ProjectedCoordinateSystem' xmlns:xsi='http://www.w3.org/2001/XMLSchema-instance' xmlns:xs='http://www.w3.org/2001/XMLSchema' xmlns:typens='http://www.esri.com/schemas/ArcGIS/10.1'&gt;&lt;WKT&gt;PROJCS[&amp;quot;ETRS_1989_LAEA&amp;quot;,GEOGCS[&amp;quot;GCS_ETRS_1989&amp;quot;,DATUM[&amp;quot;D_ETRS_1989&amp;quot;,SPHEROID[&amp;quot;GRS_1980&amp;quot;,6378137.0,298.257222101]],PRIMEM[&amp;quot;Greenwich&amp;quot;,0.0],UNIT[&amp;quot;Degree&amp;quot;,0.0174532925199433]],PROJECTION[&amp;quot;Lambert_Azimuthal_Equal_Area&amp;quot;],PARAMETER[&amp;quot;false_easting&amp;quot;,4321000.0],PARAMETER[&amp;quot;false_northing&amp;quot;,3210000.0],PARAMETER[&amp;quot;central_meridian&amp;quot;,10.0],PARAMETER[&amp;quot;latitude_of_origin&amp;quot;,52.0],UNIT[&amp;quot;Meter&amp;quot;,1.0],AUTHORITY[&amp;quot;EPSG&amp;quot;,3035]]&lt;/WKT&gt;&lt;XOrigin&gt;-8426600&lt;/XOrigin&gt;&lt;YOrigin&gt;-9526700&lt;/YOrigin&gt;&lt;XYScale&gt;353290001.83332509&lt;/XYScale&gt;&lt;ZOrigin&gt;-100000&lt;/ZOrigin&gt;&lt;ZScale&gt;10000&lt;/ZScale&gt;&lt;MOrigin&gt;-100000&lt;/MOrigin&gt;&lt;MScale&gt;10000&lt;/MScale&gt;&lt;XYTolerance&gt;0.001&lt;/XYTolerance&gt;&lt;ZTolerance&gt;0.001&lt;/ZTolerance&gt;&lt;MTolerance&gt;0.001&lt;/MTolerance&gt;&lt;HighPrecision&gt;true&lt;/HighPrecision&gt;&lt;WKID&gt;3035&lt;/WKID&gt;&lt;LatestWKID&gt;3035&lt;/LatestWKID&gt;&lt;/ProjectedCoordinateSystem&gt;</peXml></coordRef><RasterProperties><General><PixelDepth Sync="TRUE">8</PixelDepth><HasColormap Sync="TRUE">FALSE</HasColormap><CompressionType Sync="TRUE">PACKBITS</CompressionType><NumBands Sync="TRUE">1</NumBands><Format Sync="TRUE">TIFF</Format><HasPyramids Sync="TRUE">TRUE</HasPyramids><SourceType Sync="TRUE">continuous</SourceType><PixelType Sync="TRUE">unsigned integer</PixelType><NoDataValue Sync="TRUE">255</NoDataValue></General></RasterProperties></DataProperties><SyncDate>20160127</SyncDate><SyncTime>14225100</SyncTime><ModDate>20160127</ModDate><ModTime>14225100</ModTime></Esri><dataIdInfo><envirDesc Sync="TRUE">Microsoft Windows 7 Version 6.1 (Build 7601) Service Pack 1; Esri ArcGIS 10.1.1.3143</envirDesc><dataLang><languageCode value="ces" Sync="TRUE"></languageCode><countryCode value="CZE" Sync="TRUE"></countryCode></dataLang><idCitation><resTitle Sync="TRUE">g250_clc90_kontrolni_ext_opravena_8bit_pbit.tif</resTitle><presForm><PresFormCd value="005" Sync="TRUE"></PresFormCd></presForm></idCitation><spatRpType><SpatRepTypCd value="002" Sync="TRUE"></SpatRepTypCd></spatRpType><dataExt><geoEle><GeoBndBox esriExtentType="search"><exTypeCode Sync="TRUE">1</exTypeCode><westBL Sync="TRUE">-56.505142</westBL><eastBL Sync="TRUE">72.906137</eastBL><northBL Sync="TRUE">72.664410</northBL><southBL Sync="TRUE">24.284177</southBL></GeoBndBox></geoEle></dataExt></dataIdInfo><mdLang><languageCode value="ces" Sync="TRUE"></languageCode><countryCode value="CZE" Sync="TRUE"></countryCode></mdLang><mdChar><CharSetCd value="004" Sync="TRUE"></CharSetCd></mdChar><distInfo><distFormat><formatName Sync="TRUE">Raster Dataset</formatName></distFormat></distInfo><mdHrLv><ScopeCd value="005" Sync="TRUE"></ScopeCd></mdHrLv><mdHrLvName Sync="TRUE">dataset</mdHrLvName><refSysInfo><RefSystem><refSysID><identCode code="3035" Sync="TRUE"></identCode><idCodeSpace Sync="TRUE">EPSG</idCodeSpace><idVersion Sync="TRUE">7.11.2</idVersion></refSysID></RefSystem></refSysInfo><spatRepInfo><Georect><cellGeo><CellGeoCd Sync="TRUE" value="002"></CellGeoCd></cellGeo><numDims Sync="TRUE">2</numDims><tranParaAv Sync="TRUE">1</tranParaAv><chkPtAv Sync="TRUE">0</chkPtAv><cornerPts><pos Sync="TRUE">900000.000000 900000.000000</pos></cornerPts><cornerPts><pos Sync="TRUE">900000.000000 5500000.000000</pos></cornerPts><cornerPts><pos Sync="TRUE">7400000.000000 5500000.000000</pos></cornerPts><cornerPts><pos Sync="TRUE">7400000.000000 900000.000000</pos></cornerPts><centerPt><pos Sync="TRUE">4150000.000000 3200000.000000</pos></centerPt><axisDimension type="002"><dimSize Sync="TRUE">26000</dimSize><dimResol><value Sync="TRUE" uom="Meter">250.000000</value></dimResol></axisDimension><axisDimension type="001"><dimSize Sync="TRUE">18400</dimSize><dimResol><value Sync="TRUE" uom="Meter">250.000000</value></dimResol></axisDimension><ptInPixel><PixOrientCd Sync="TRUE" value="001"></PixOrientCd></ptInPixel></Georect></spatRepInfo><eainfo><detailed Name="g250_clc90_kontrolni_ext_opravena_8bit_pbit.tif.vat"><enttyp><enttypl Sync="TRUE">g250_clc90_kontrolni_ext_opravena_8bit_pbit.tif.vat</enttypl><enttypt Sync="TRUE">Table</enttypt><enttypc Sync="TRUE">46</enttypc></enttyp><attr><attrlabl Sync="TRUE">OID</attrlabl><attalias Sync="TRUE">OID</attalias><attrtype Sync="TRUE">OID</attrtype><attwidth Sync="TRUE">4</attwidth><atprecis Sync="TRUE">0</atprecis><attscale Sync="TRUE">0</attscale><attrdef Sync="TRUE">Internal feature number.</attrdef><attrdefs Sync="TRUE">Esri</attrdefs><attrdomv><udom Sync="TRUE">Sequential unique whole numbers that are automatically generated.</udom></attrdomv></attr><attr><attrlabl Sync="TRUE">Value</attrlabl><attalias Sync="TRUE">Value</attalias><attrtype Sync="TRUE">Integer</attrtype><attwidth Sync="TRUE">9</attwidth><atprecis Sync="TRUE">9</atprecis><attscale Sync="TRUE">0</attscale></attr><attr><attrlabl Sync="TRUE">Count</attrlabl><attalias Sync="TRUE">Count</attalias><attrtype Sync="TRUE">Double</attrtype><attwidth Sync="TRUE">19</attwidth><atprecis Sync="TRUE">0</atprecis><attscale Sync="TRUE">0</attscale></attr></detailed></eainfo><contInfo><ImgDesc><contentTyp><ContentTypCd Sync="TRUE" value="001"></ContentTypCd></contentTyp><covDim><Band><dimDescrp Sync="TRUE">Band_1</dimDescrp><bitsPerVal Sync="TRUE">8</bitsPerVal><valUnit><UOM type="length"></UOM></valUnit></Band></covDim></ImgDesc></contInfo><mdDateSt Sync="TRUE">20160127</mdDateSt></metadata>
