nest_ID,male_id,male_age,female_id,female_age,Site,NGR,Ref,find.date,fledge.date,year,obs,obs.period,expo,outcome,outcome.1,clutch,chicks,fledged,brood,comments,Nest.found,x,y,altitude,Notes,Predated,distance_to_nearest_track,track50,track100,track150,track200,density_of_tracks,Ycons,tandc,exp,nest_age_atLoc,julian.day.find,julian.day.nest.initiation,julian.day.1,age.day.1,month,week,jdayinit,jdin,mthin,yrin,GSODRegg stage temp,GSODRchick stage temp,GSODRegg stage precip mm,GSODRchick stage precip mm,jdayeggstageend,jdaychickstageend
1,RH17930,,CF49201,,Brechfa,SN479324,,06/06/2013,,2013,0,,0,f,0,1,0,0,1,1st brood,yes,247900,232400,319,,,35,1,1,1,1,NA,0,0,0,2,157,155,151,-4,6,22,155,4,6,2013,14.12,14.99,2.1,0.69,172,190
1,RH17930,,CF49201,,Brechfa,SN479324,,06/06/2013,,2013,0,,0,f,0,1,0,0,1,1st brood,yes,247900,232400,319,,,35,1,1,1,1,NA,0,0,0,2,157,155,151,-4,6,22,155,4,6,2013,14.12,14.99,2.1,0.69,172,190
2,LC03055,,,,Brechfa,SN498327,,25/06/2013,,2013,30,,36,s,1,1,2,1,1,1st brood,yes,249800,232700,303.6,,0,93,0,1,1,1,NA,0,0,30,10,176,166,151,-15,6,24,166,15,6,2013,13.92,16.93,1.88,0.37,183,201
2,LC03055,,,,Brechfa,SN498327,,25/06/2013,,2013,30,,36,s,1,1,2,1,1,1st brood,yes,249800,232700,303.6,,0,93,0,1,1,1,NA,0,0,30,10,176,166,151,-15,6,24,166,15,6,2013,13.92,16.93,1.88,0.37,183,201
3,LC03056,,CF49202,,Brechfa,SN490332,,12/07/2013,,2013,25,,36,s,1,1,1,1,2,2nd brood,yes,249000,233200,326.9,,,56,0,1,1,1,NA,0,0,25,5,193,188,151,-37,7,27,188,7,7,2013,18.87,17.33,0,5.86,205,223
4,RH17928,,CF49205,,Brechfa,SN501325,,14/07/2013,,2013,29,,36,s,1,1,1,1,2,2nd brood,yes,250100,232500,295.5,,0,10,1,1,1,1,NA,0,0,29,4,195,191,151,-40,7,27,191,10,7,2013,18.64,17.01,0.45,5.4,208,226
4,RH17928,,CF49205,,Brechfa,SN501325,,14/07/2013,,2013,29,,36,s,1,1,1,1,2,2nd brood,yes,250100,232500,295.5,,0,10,1,1,1,1,NA,0,0,29,4,195,191,151,-40,7,27,191,10,7,2013,18.64,17.01,0.45,5.4,208,226
5,RH17930,,CF49201,,Brechfa,SN468323,,14/07/2013,,2013,19,,36,s,1,1,1,1,2,2nd brood,yes,246800,232300,287,check obs period for this,0,96,0,1,1,1,NA,0,0,19,4,195,191,151,-40,7,27,191,10,7,2013,18.64,17.01,0.45,5.4,208,226
5,RH17930,,CF49201,,Brechfa,SN468323,,14/07/2013,,2013,19,,36,s,1,1,1,1,2,2nd brood,yes,246800,232300,287,,0,96,0,1,1,1,NA,0,0,19,4,195,191,151,-40,7,27,191,10,7,2013,18.64,17.01,0.45,5.4,208,226
6,RH17937,,CF49207,,Brechfa,SN496329,,14/07/2013,,2013,2,,2,s,0,1,0,0,2,2nd brood,yes,249600,232900,311.7,,,185,0,0,0,1,NA,0,0,2,22,195,173,151,-22,6,25,173,22,6,2013,14.72,18.64,0.86,0.45,190,208
6,RH17937,,CF49207,,Brechfa,SN496329,,14/07/2013,,2013,2,,36,s,1,1,1,1,2,2nd brood,yes,249600,232900,311.7,,,185,0,0,0,1,NA,0,0,2,22,195,173,151,-22,6,25,173,22,6,2013,14.72,18.64,0.86,0.45,190,208
7,RH17937,,CF49207,,Brechfa,SN492328,,16/07/2013,,2013,14,,14,f,0,1,0,0,2,2nd brood,yes,249200,232800,322.3,,,23,1,1,1,1,NA,0,0,14,17,197,180,151,-29,6,26,180,29,6,2013,18.72,17.01,0.44,5.4,197,215
7,RH17937,,CF49207,,Brechfa,SN492328,,16/07/2013,,2013,14,,14,f,0,1,0,0,2,2nd brood,yes,249200,232800,322.3,,,23,1,1,1,1,NA,0,0,14,17,197,180,151,-29,6,26,180,29,6,2013,18.72,17.01,0.44,5.4,197,215
8,RH17933,,LC03058,,Brechfa,SN496321,,16/07/2013,,2013,0,,0,f,0,1,0,0,2,2nd brood,yes,249600,232100,304.6,,,218,0,0,0,0,NA,0,0,0,17,197,180,151,-29,6,26,180,29,6,2013,18.72,17.01,0.44,5.4,197,215
8,RH17933,,LC03058,,Brechfa,SN496321,,16/07/2013,,2013,0,,0,f,0,1,0,0,2,2nd brood,yes,249600,232100,304.6,,,218,0,0,0,0,NA,0,0,0,17,197,180,151,-29,6,26,180,29,6,2013,18.72,17.01,0.44,5.4,197,215
9,RH17933,,LC03058,,Brechfa,SN496320,,16/07/2013,,2013,6,,36,s,1,1,1,1,NA,,yes,249600,232000,311.3,,0,200,0,0,0,0,NA,0,0,6,30,197,167,151,-16,6,24,167,16,6,2013,14.03,18.15,1.74,0.04,184,202
9,RH17933,,LC03058,,Brechfa,SN496320,,16/07/2013,,2013,6,,36,s,1,1,1,1,NA,,yes,249600,232000,311.3,,0,200,0,0,0,0,NA,0,0,6,30,197,167,151,-16,6,24,167,16,6,2013,14.03,18.15,1.74,0.04,184,202
10,RH17929,,,,Brechfa,SN479337,,22/07/2013,,2013,8,,8,f,0,1,0,0,NA,,yes,247900,233700,346.6,,,46,1,1,1,1,NA,0,0,8,8,203,195,151,-44,7,28,195,14,7,2013,18.77,16.94,1.32,5.81,212,230
10,RH17929,,,,Brechfa,SN479337,,22/07/2013,,2013,8,,8,f,0,1,0,0,NA,,yes,247900,233700,346.6,,,46,1,1,1,1,NA,0,0,8,8,203,195,151,-44,7,28,195,14,7,2013,18.77,16.94,1.32,5.81,212,230
11,RH17929,,CF49209,,Brechfa,SN484338,,26/07/2013,,2013,10,,10,f,0,1,1,0,2,2nd brood,yes,248400,233800,335,,,16,1,1,1,1,NA,0,0,10,7,207,200,151,-49,7,29,200,19,7,2013,18.59,16.82,4.63,2.69,217,235
11,RH17929,,CF49209,,Brechfa,SN484338,,26/07/2013,,2013,10,,10,f,0,1,1,0,2,2nd brood,yes,248400,233800,335,,,16,1,1,1,1,NA,0,0,10,7,207,200,151,-49,7,29,200,19,7,2013,18.59,16.82,4.63,2.69,217,235
12,,,,,PyC,SS8973599322,T58,18/06/2014,,2014,0,,0,f,0,1,0,0,1,1st brood,yes,289735,199322,515.6,,0,85,0,1,1,1,NA,1,1,0,2,169,167,151,-16,6,24,167,16,6,2014,17,16.79,0.53,1.13,184,202
13,,,LH76546,,PyC,SN9078801854,T39,18/06/2014,,2014,27,,36,s,1,1,1,1,1,1st brood,yes,290788,201854,518.9,,0,20,1,1,1,1,NA,1,1,27,2,169,167,151,-16,6,24,167,16,6,2014,17,16.79,0.53,1.13,184,202
13,,,LH76546,,PyC,SN9078801854,T39,18/06/2014,,2014,27,,27,s,1,1,1,1,1,1st brood,yes,290788,201854,518.9,,0,20,1,1,1,1,NA,1,1,27,2,169,167,151,-16,6,24,167,16,6,2014,17,16.79,0.53,1.13,184,202
14,,,,,PyC,SN9307702052,T75,09/07/2014,,2014,6,,36,s,1,1,1,1,NA,,yes,293077,202052,491.9,,0,233,0,0,0,0,NA,1,0,6,19,190,171,151,-20,6,24,171,20,6,2014,16.75,18.02,1.1,0.54,188,206
14,,,,,PyC,SN9307702052,T75,09/07/2014,,2014,6,,36,s,1,1,1,1,NA,,yes,293077,202052,491.9,,0,233,0,0,0,0,NA,1,0,6,19,190,171,151,-20,6,24,171,20,6,2014,16.75,18.02,1.1,0.54,188,206
15,,,LH76547,,PyC,SN9350302240,T71,15/07/2014,,2014,0,,36,s,1,1,1,1,2,2nd brood,yes,293503,202240,474.2,,0,56,0,1,1,1,NA,1,1,0,2,196,194,151,-43,7,28,194,13,7,2014,18.69,16.85,0.27,3.57,211,229
16,,,LC03058,,Brechfa,,8,09/07/2014,,2014,29,23.5,36,s,1,1,1,1,1,The Nose Jacobs - territory 1,yes,249525,231950,315.2,,,103,0,0,1,1,NA,0,0,29,23,190,167,151,-16,6,24,167,16,6,2014,16.32,16.52,0.68,1.14,184,202
16,,,LC03058,,Brechfa,,8,09/07/2014,,2014,29,23.5,29,s,0,1,0,0,1,The Nose Jacobs - territory 1,yes,249525,231950,315.2,,,103,0,0,1,1,NA,0,0,29,23,190,167,151,-16,6,24,167,16,6,2014,16.32,16.52,0.68,1.14,184,202
17,LH76540,4,,,Brechfa,,9,18/07/2014,,2014,4,n/a,36,s,1,1,1,1,1,Top Clearing terr 7  1st brood,yes,249068,234753,364.3,,0,166,0,0,0,1,NA,0,0,4,30,199,169,151,-18,6,24,169,18,6,2014,16.33,16.77,1.44,0.46,186,204
17,LH76540,4,,,Brechfa,,9,18/07/2014,,2014,4,n/a,36,s,1,1,1,1,1,Top Clearing terr 7  1st brood,yes,249068,234753,364.3,,0,166,0,0,0,1,NA,0,0,4,30,199,169,151,-18,6,24,169,18,6,2014,16.33,16.77,1.44,0.46,186,204
18,,,,,Brechfa,,10,19/07/2014,,2014,0,n/a,36,s,1,1,1,1,2,Top Clearing terr 6 2nd brood,yes,249260,235120,360,,,261,0,0,0,0,NA,0,0,0,36,200,164,151,-13,6,23,164,13,6,2014,16.38,15.92,0.69,1.17,181,199
18,,,,,Brechfa,,10,19/07/2014,,2014,0,n/a,36,s,1,1,1,1,2,Top Clearing terr 6 2nd brood,yes,249260,235120,360,,,261,0,0,0,0,NA,0,0,0,36,200,164,151,-13,6,23,164,13,6,2014,16.38,15.92,0.69,1.17,181,199
19,,,,,Brechfa,,1,22/06/2014,,2014,0,n/a,0,f,0,1,1,0,1,Crossroads - terr 5 1st brood,yes,249109,232967,327.7,,1,77,0,1,1,1,NA,0,0,0,17,173,156,151,-5,6,22,156,5,6,2014,15.82,15.8,0.87,1.72,173,191
19,,,,,Brechfa,,1,22/06/2014,,2014,0,n/a,0,f,0,1,1,0,1,Crossroads - terr 5 1st brood,yes,249109,232967,327.7,,1,77,0,1,1,1,NA,0,0,0,17,173,156,151,-5,6,22,156,5,6,2014,15.82,15.8,0.87,1.72,173,191
20,,,LH76571,,Brechfa,,2,20/06/2014,,2014,13,16,36,s,1,1,1,1,1,Halfway - jacobs territory 2 1st brood,yes,249603,232793,312.9,,,148,0,0,1,1,NA,0,0,13,19,171,152,151,-1,6,22,152,1,6,2014,15.02,16.14,1.59,1.44,169,187
21,,,,,Brechfa,,3,02/07/2014,,2014,14,18,14,f,0,1,1,0,2,Halfway - territory 2 2nd brood,yes,249600,232858,312.6,,1,210,0,0,0,0,NA,0,0,14,4,183,179,151,-28,6,26,179,28,6,2014,16.62,18.46,1.44,2.06,196,214
21,,,,,Brechfa,,3,02/07/2014,,2014,14,18,14,f,0,1,1,0,2,Halfway - territory 2 2nd brood,yes,249600,232858,312.6,,1,210,0,0,0,0,NA,0,0,14,4,183,179,151,-28,6,26,179,28,6,2014,16.62,18.46,1.44,2.06,196,214
22,,,,,Brechfa,,11,27/07/2014,,2014,17,20.5,17,f,0,1,1,0,2,Halfway - terr 2 3rd brood,yes,249570.9,232779.4,314,,0,128,0,0,1,1,NA,0,0,17,1,208,207,151,-56,7,30,207,26,7,2014,17.27,14.67,4.44,1.81,224,242
22,,,,,Brechfa,,11,27/07/2014,,2014,17,20.5,17,f,0,1,1,0,2,Halfway - terr 2 3rd brood,yes,249570.9,232779.4,314,,0,128,0,0,1,1,NA,0,0,17,1,208,207,151,-56,7,30,207,26,7,2014,17.27,14.67,4.44,1.81,224,242
23,LC03055,6,LH76577,4,Brechfa,,4,30/06/2014,,2014,11,6.5,36,s,1,1,1,1,1,Main Clearing terr 3 1st brood,yes,250081,232682,310.1,,0,35,1,1,1,1,NA,0,0,11,29,181,152,151,-1,6,22,152,1,6,2014,15.02,16.14,1.59,1.44,169,187
23,LC03055,6,LH76577,4,Brechfa,,4,30/06/2014,,2014,11,6.5,36,s,1,1,1,1,1,Main Clearing terr 3 1st brood,yes,250081,232682,310.1,,0,35,1,1,1,1,NA,0,0,11,29,181,152,151,-1,6,22,152,1,6,2014,15.02,16.14,1.59,1.44,169,187
24,LC03055,6,LH76577,4,Brechfa,,5,06/07/2014,,2014,21,26.5,36,s,0,1,1,0,2,Main Clearing terr 3 2nd brood,yes,249866,232832,303,,1,99,0,1,1,1,NA,0,0,21,2,187,185,151,-34,7,26,185,4,7,2014,16.36,18.28,1.22,2.41,202,220
24,LC03055,6,LH76577,4,Brechfa,,5,06/07/2014,,2014,21,26.5,36,s,0,1,1,0,2,Main Clearing terr 3 2nd brood,yes,249866,232832,303,,1,99,0,1,1,1,NA,0,0,21,2,187,185,151,-34,7,26,185,4,7,2014,16.36,18.28,1.22,2.41,202,220
25,,,LH76571,5,Brechfa,,7,09/07/2014,,2014,21,17.5,36,s,0,1,0,0,1,Wind Turbines terr 10 ,yes,247205,231417,300.2,,0,8,1,1,1,1,NA,0,0,21,20,190,170,151,-19,6,24,170,19,6,2014,16.12,17.19,1.44,0.47,187,205
25,,,LH76571,5,Brechfa,,7,09/07/2014,,2014,21,17.5,36,s,1,1,1,1,1,Wind Turbines terr 10 ,yes,247205,231417,300.2,,0,8,1,1,1,1,NA,0,0,21,20,190,170,151,-19,6,24,170,19,6,2014,16.12,17.19,1.44,0.47,187,205
26,,,,,Brechfa,,6,06/07/2014,,2014,0,,0,f,0,1,1,0,1,The Mast terr 11,yes,248586.5,230990,316.1,,1,216,0,0,0,0,NA,0,0,0,19,187,168,151,-17,6,24,168,17,6,2014,16.34,16.52,0.76,1.14,185,203
26,,,,,Brechfa,,6,06/07/2014,,2014,0,,0,f,0,1,1,0,1,The Mast terr 11,yes,248586.5,230990,316.1,,1,216,0,0,0,0,NA,0,0,0,19,187,168,151,-17,6,24,168,17,6,2014,16.34,16.52,0.76,1.14,185,203
27,LH76543,,LE43224,,Clocaenog,SJ0097154387,Carnedd Ci ,27/06/2015,,2015,8,,36,s,1,1,1,1,1,1st brood,yes,300971,354387,449,,0,111,0,0,1,1,NA,0,0,8,28,178,150,151,1,5,21,150,6,6,2015,11.25,14.76,2.91,0.45,167,185
27,LH76543,,LE43224,,Clocaenog,SJ0097154387,Carnedd Ci ,27/06/2015,,2015,8,,36,s,1,1,1,1,1,1st brood,yes,300971,354387,449,,0,111,0,0,1,1,NA,0,0,8,28,178,150,151,1,5,21,150,6,6,2015,11.25,14.76,2.91,0.45,167,185
28,,,LE43224,,Clocaenog,SJ0094554355,Carnedd Ci ,05/07/2015,,2015,39,,17,f,0,1,0,0,2,2nd brood,yes,300945,354355,451.2,,,135,0,0,1,1,NA,0,0,39,2,186,184,151,-33,7,26,184,3,7,2015,14.43,13.13,2.77,2.83,201,219
28,,,LE43224,,Clocaenog,SJ0094554355,Carnedd Ci ,05/07/2015,,2015,39,,17,f,0,1,0,0,2,2nd brood,yes,300945,354355,451.2,,,135,0,0,1,1,NA,0,0,39,2,186,184,151,-33,7,26,184,3,7,2015,14.43,13.13,2.77,2.83,201,219
29,LE43215,,LH76722,,Clocaenog,SJ0140153306,Main valley,08/07/2015,,2015,11,,36,s,1,1,1,1,1,1st brood,yes,301401,353306,403.7,,0,23,1,1,1,1,NA,0,0,11,32,189,157,151,-6,6,22,157,6,6,2015,11.9,15.48,0.27,1.89,174,192
29,LE43215,,LH76722,,Clocaenog,SJ0140153306,Main valley,08/07/2015,,2015,11,,36,s,1,1,1,1,1,1st brood,yes,301401,353306,403.7,,0,23,1,1,1,1,NA,0,0,11,32,189,157,151,-6,6,22,157,6,6,2015,11.9,15.48,0.27,1.89,174,192
30,,,LH76722 ,,Clocaenog,SJ0107952919,Low valley,14/07/2015,,2015,0,,0,f,0,1,0,0,2,2nd brood,yes,301079,352919,412.4,,,199,0,0,0,1,NA,0,0,0,2,195,193,151,-42,7,28,193,12,7,2015,13.41,13.68,2.54,2.01,210,228
31,LE43215,,LH76722 ,,Clocaenog,SJ0136553232,Low valley,22/07/2015,,2015,1,,1,f,0,1,1,0,2,2nd brood,yes,301365,353232,403.8,,,59,0,1,1,1,NA,0,0,1,1,203,202,151,-51,7,29,202,21,7,2015,13.02,14.16,2.82,2.84,219,237
31,LE43215,,LH76722 ,,Clocaenog,SJ0136553232,Low valley,22/07/2015,,2015,1,,1,f,0,1,1,0,2,2nd brood,yes,301365,353232,403.8,,,59,0,1,1,1,NA,0,0,1,1,203,202,151,-51,7,29,202,21,7,2015,13.02,14.16,2.82,2.84,219,237
32,LE43220,,LE43219,,Clocaenog,SJ0201853920,Llyfarduu,19/06/2015,,2015,0,,36,s,1,1,1,1,1,1st brood,yes,302018,353920,415,,0,51,0,1,1,1,NA,0,0,0,3,170,167,151,-16,6,24,167,16,6,2015,14.59,14.18,0.45,3.09,184,202
32,LE43220,,LE43219,,Clocaenog,SJ0201853920,Llyfarduu,19/06/2015,,2015,0,,36,s,1,1,1,1,1,1st brood,yes,302018,353920,415,,0,51,0,1,1,1,NA,0,0,0,3,170,167,151,-16,6,24,167,16,6,2015,14.59,14.18,0.45,3.09,184,202
33,,,LE43219,,Clocaenog,SJ0210053966,Llyfarduu,25/07/2015,,2015,8,,36,s,1,1,1,1,2,2nd brood,yes,302100,353966,411.1,,0,21,1,1,1,1,NA,0,0,8,1,206,205,151,-54,7,29,205,24,7,2015,13.19,14.1,2.46,3.29,222,240
33,,,LE43219,,Clocaenog,SJ0210053966,Llyfarduu,25/07/2015,,2015,8,,36,s,1,1,1,1,2,2nd brood,yes,302100,353966,411.1,,0,21,1,1,1,1,NA,0,0,8,1,206,205,151,-54,7,29,205,24,7,2015,13.19,14.1,2.46,3.29,222,240
34,LH76607,,,,Clocaenog,SH9834455095,Cefn hafod lom,24/07/2015,,2015,17,,36,s,1,1,1,1,1,1st brood,yes,298344,355095,427.4,,0,54,0,1,1,1,NA,0,0,17,35,205,170,151,-19,6,24,170,23,6,2015,14.99,14.05,1,2.45,187,205
34,LH76607,,,,Clocaenog,SH9834455095,Cefn hafod lom,24/07/2015,,2015,17,,36,s,1,1,1,1,1,1st brood,yes,298344,355095,427.4,,0,54,0,1,1,1,NA,0,0,17,35,205,170,151,-19,6,24,170,23,6,2015,14.99,14.05,1,2.45,187,205
35,,,,,Clocaenog,SH9839255164,Cefn hafod lom south,27/07/2015,,2015,10,,10,f,0,1,0,0,2,2nd brood,yes,298392,355164,432.2,,,67,0,1,1,1,NA,0,0,10,35,208,173,151,-22,6,25,173,26,6,2015,15.07,13.9,1.91,2.21,190,208
35,,,,,Clocaenog,SH9839255164,Cefn hafod lom south,27/07/2015,,2015,10,,10,f,0,1,0,0,2,2nd brood,yes,298392,355164,432.2,,,67,0,1,1,1,NA,0,0,10,35,208,173,151,-22,6,25,173,26,6,2015,15.07,13.9,1.91,2.21,190,208
36,,,LH76717 ,,Clocaenog,SH9864755483,Cefn Hafod Lom North,30/06/2015,,2015,0,,36,s,1,1,1,1,1,1st brood,yes,298647,355483,424.4,,0,90,0,1,1,1,NA,0,0,0,8,181,173,151,-22,6,25,173,26,6,2015,15.07,13.9,1.91,2.21,190,208
36,,,LH76717 ,,Clocaenog,SH9864755483,Cefn Hafod Lom North,30/06/2015,,2015,0,,36,s,1,1,1,1,1,1st brood,yes,298647,355483,424.4,,0,90,0,1,1,1,NA,0,0,0,8,181,173,151,-22,6,25,173,26,6,2015,15.07,13.9,1.91,2.21,190,208
37,,,LE43233 ,,Clocaenog,SJ0033753649,Hafotty Newydd ,13/08/2015,,2015,20,,20,f,0,1,1,0,2,2nd brood,yes,300337,353649,413.8,,,21,1,1,1,1,NA,0,0,20,19,225,206,151,-55,7,29,206,25,7,2015,13.32,14.06,2.74,3.62,223,241
37,,,LE43233 ,,Clocaenog,SJ0033753649,Hafotty Newydd ,13/08/2015,,2015,20,,20,f,0,1,1,0,2,2nd brood,yes,300337,353649,413.8,,,21,1,1,1,1,NA,0,0,20,19,225,206,151,-55,7,29,206,25,7,2015,13.32,14.06,2.74,3.62,223,241
38,,,,,Clocaenog,SJ0019153633,Hafotty Newydd ,27/07/2015,,2015,24,,36,s,1,1,1,1,1,1st brood,yes,300191,353633,396.7,,,91,0,1,1,1,NA,0,0,24,36,208,172,151,-21,6,25,172,25,6,2015,15.05,13.86,1.91,1.74,189,207
39,LE43216,,,,Clocaenog,SJ0180957837,Gors-y-wern,13/08/2015,,2015,35,,36,s,1,1,1,1,1,1st brood,yes,301809,357837,422.6,,0,34,1,1,1,1,NA,0,0,35,36,225,189,151,-38,7,27,189,8,7,2015,13.98,13.39,2.19,2.46,206,224
39,LE43216,,,,Clocaenog,SJ0180957837,Gors-y-wern,13/08/2015,,2015,35,,36,s,1,1,1,1,1,1st brood,yes,301809,357837,422.6,,0,34,1,1,1,1,NA,0,0,35,36,225,189,151,-38,7,27,189,8,7,2015,13.98,13.39,2.19,2.46,206,224
40,,,,,Clocaenog,SJ028526,Central clearing,28/08/2015,,2015,1,,36,s,1,1,1,1,NA,?,yes,302800,352600,407.1,,0,33,1,1,1,1,NA,0,0,1,36,240,204,151,-53,7,29,204,23,7,2015,13.07,14.11,2.46,3.29,221,239
41,LH76714,,LE43223,,PyC,SS8273198854,T6,25/06/2015,,2015,0,,0,f,0,1,1,0,1,,yes,282731,198854,290.6,,1,73,0,1,1,1,NA,0,0,0,13,176,163,151,-12,6,23,163,12,6,2015,14.67,16.65,1.62,2.01,180,198
41,LH76714,,LE43223,,PyC,SS8273198854,T6,25/06/2015,,2015,0,,0,f,0,1,1,0,1,,yes,282731,198854,290.6,,1,73,0,1,1,1,NA,0,0,0,13,176,163,151,-12,6,23,163,12,6,2015,14.67,16.65,1.62,2.01,180,198
42,LE43217,,LE43225,,PyC,SS8347697506,T2,20/06/2015,,2015,18,,18,f,0,1,0,0,1,,yes,283476,197506,374,,0,36,1,1,1,1,NA,1,1,18,3,171,168,151,-17,6,24,168,17,6,2015,15.75,16.06,1.02,2.3,185,203
42,LE43217,,LE43225,,PyC,SS8347697506,T2,20/06/2015,,2015,18,,36,s,1,1,1,1,1,,yes,283476,197506,374,,0,36,1,1,1,1,NA,1,1,18,3,171,168,151,-17,6,24,168,17,6,2015,15.75,16.06,1.02,2.3,185,203
43,LH76739,,,,PyC,SN9444200853,T81,02/08/2015,,2015,8,,36,s,1,1,1,1,2,,yes,294442,200853,490,,0,86,0,1,1,1,NA,1,1,8,30,214,184,151,-33,7,26,184,3,7,2015,16.26,15.17,2.16,2.44,201,219
43,LH76739,,,,PyC,SN9444200853,T81,02/08/2015,,2015,8,,36,s,1,1,1,1,2,,yes,294442,200853,490,,0,86,0,1,1,1,NA,1,1,8,30,214,184,151,-33,7,26,184,3,7,2015,16.26,15.17,2.16,2.44,201,219
44,,,LH76580,,Brechfa,,1.1,22/06/2015,,2015,0,35,36,s,1,1,1,1,1,"2 eggs, WA, FN",yes,249895,232709,303,,0,124,0,0,1,1,NA,0,0,0,1,173,172,151,-21,6,25,172,25,6,2015,16.34,15.87,1.48,2.75,189,207
44,,,LH76580,,Brechfa,,1.1,22/06/2015,,2015,0,35,36,s,1,1,1,1,1,"2 eggs, WA, FN",yes,249895,232709,303,,0,124,0,0,1,1,NA,0,0,0,1,173,172,151,-21,6,25,172,25,6,2015,16.34,15.87,1.48,2.75,189,207
45,LH76576,5,,,Brechfa,,10.1,24/06/2015,,2015,18,17,36,s,1,1,1,1,1,"1 chick, DO, c 1 day old",,247833,232079,320.1,,0,120,0,0,1,1,NA,0,0,18,20,175,155,151,-4,6,22,155,4,6,2015,13.65,16.39,0.91,1.49,172,190
46,,,,,Brechfa,,11.1,02/07/2015,,2015,0,10,0,f,0,1,0,0,1,"1 egg, FN",,249195,232891,326.1,,1,80,0,1,1,1,NA,0,0,0,1,183,182,151,-31,7,26,182,1,7,2015,16.56,15.22,2.14,3.03,199,217
46,,,,,Brechfa,,11.1,02/07/2015,,2015,0,10,0,f,0,1,0,0,1,"1 egg, FN",,249195,232891,326.1,,1,80,0,1,1,1,NA,0,0,0,1,183,182,151,-31,7,26,182,1,7,2015,16.56,15.22,2.14,3.03,199,217
47,,,LJ60505,4,Brechfa,,2.1,10/07/2015,,2015,5,11,36,s,1,1,1,1,1,2 chicks IP,,250087,232634,310.8,,0,60,0,1,1,1,NA,0,0,5,20,191,171,151,-20,6,24,171,20,6,2015,16.35,15.85,1.32,2.24,188,206
47,,,LJ60505,4,Brechfa,,2.1,10/07/2015,,2015,5,11,36,s,1,1,1,1,1,2 chicks IP,,250087,232634,310.8,,0,60,0,1,1,1,NA,0,0,5,20,191,171,151,-20,6,24,171,20,6,2015,16.35,15.85,1.32,2.24,188,206
48,,,,,Brechfa,,3.1,03/07/2015,,2015,26,24,36,s,1,1,1,1,1,"2 chicks DO, MN",,249414,233585,316.5,,0,61,0,1,1,1,NA,0,0,26,12,184,172,151,-21,6,25,172,21,6,2015,16.34,15.22,1.48,3.03,189,207
48,,,,,Brechfa,,3.1,03/07/2015,,2015,26,24,36,s,1,1,1,1,1,"2 chicks DO, MN",,249414,233585,316.5,,0,61,0,1,1,1,NA,0,0,26,12,184,172,151,-21,6,25,172,21,6,2015,16.34,15.22,1.48,3.03,189,207
49,,,,,Brechfa,,6.1,14/07/2015,,2015,5,1,36,s,1,1,1,1,1,2 chicks RF,,248144,233755,342.8,,0,146,0,0,1,1,NA,0,0,5,35,195,160,151,-9,6,23,160,8,6,2015,14.13,16.88,1.2,2.27,177,195
49,,,,,Brechfa,,6.1,14/07/2015,,2015,5,1,36,s,1,1,1,1,1,2 chicks RF,,248144,233755,342.8,,0,146,0,0,1,1,NA,0,0,5,35,195,160,151,-9,6,23,160,8,6,2015,14.13,16.88,1.2,2.27,177,195
50,,,,,Brechfa,,15.1,17/07/2015,,2015,37,5,37,s,1,1,1,1,1,"1 chick FM, 1 unhatched egg",,248055,231010,301.7,,0,78,0,1,1,1,NA,0,0,37,30,198,168,151,-17,6,24,168,16,6,2015,15.99,16.16,0.77,2.17,185,203
51,,,LJ17192,4,Brechfa,,4.1,20/07/2015,,2015,22,5,22,f,0,1,1,0,1,"nest empty, very little in the way of droppings suggesting a failure",,248498,231142,310.3,,0,52,0,1,1,1,NA,0,0,22,22,201,179,151,-28,6,26,179,28,6,2015,16.88,15.27,2.27,1.76,196,214
51,,,LJ17192,4,Brechfa,,4.1,20/07/2015,,2015,22,5,22,f,0,1,1,0,1,"nest empty, very little in the way of droppings suggesting a failure",,248498,231142,310.3,,0,52,0,1,1,1,NA,0,0,22,22,201,179,151,-28,6,26,179,28,6,2015,16.88,15.27,2.27,1.76,196,214
52,LJ17172,5,,,Brechfa,,8.2,30/07/2015,,2015,5,6,5,f,0,1,1,0,2,"2 chicks, DO",,248845,234342,345.5,,0,100,0,1,1,1,NA,0,0,5,21,211,190,151,-39,7,27,190,9,7,2015,15.85,15.32,2.24,2.34,207,225
52,LJ17172,5,,,Brechfa,,8.2,30/07/2015,,2015,5,6,5,f,0,1,1,0,2,"2 chicks, DO",,248845,234342,345.5,,0,100,0,1,1,1,NA,0,0,5,21,211,190,151,-39,7,27,190,9,7,2015,15.85,15.32,2.24,2.34,207,225
53,,,,,Brechfa,,8.1,18/07/2015,,2015,19,0,36,s,1,1,1,1,1,"Empty, 1 eggshell, one set of droppings",,249122,235100,363.4,,0,290,0,0,0,0,NA,0,0,19,36,199,163,151,-12,6,23,163,11,6,2015,14.63,16.9,1.38,2.14,180,198
54,,,LE43224,,Clocaenog,SJ0081154328,Carnedd Ci ,09/06/2016,,2016,28,,36,s,1,1,1,1,1,1st brood,yes,300811,354328,445.9,,,165,0,0,0,1,NA,0,0,28,8,161,153,152,-1,6,22,153,2,6,2016,15.12,13.21,2.07,2.49,170,188
54,,,LE43224,,Clocaenog,SJ0081154328,Carnedd Ci ,09/06/2016,,2016,28,,36,s,1,1,1,1,1,1st brood,yes,300811,354328,445.9,,,165,0,0,0,1,NA,0,0,28,8,161,153,152,-1,6,22,153,2,6,2016,15.12,13.21,2.07,2.49,170,188
55,,,LE43224,,Clocaenog,SJ0100454449,Carnedd Ci ,14/07/2016,,2016,2,,36,s,1,1,1,1,2,2nd brood,yes,301004,354449,445.4,,,68,0,1,1,1,NA,0,0,2,8,196,188,152,-36,7,27,188,7,7,2016,15.73,14.49,4.17,1.67,205,223
55,,,LE43224,,Clocaenog,SJ0100454449,Carnedd Ci ,14/07/2016,,2016,2,,36,s,1,1,1,1,2,2nd brood,yes,301004,354449,445.4,,,68,0,1,1,1,NA,0,0,2,8,196,188,152,-36,7,27,188,7,7,2016,15.73,14.49,4.17,1.67,205,223
56,,,LH76861,,Clocaenog,SH9861255523,Cefn Hafod Lom North,20/06/2016,,2016,14,,36,s,1,1,1,1,NA,,yes,298612,355523,418.7,,,37,1,1,1,1,NA,0,0,14,3,172,169,152,-17,6,24,169,17,6,2016,13.23,15.32,3.45,4.39,186,204
56,,,LH76861,,Clocaenog,SH9861255523,Cefn Hafod Lom North,20/06/2016,,2016,14,,36,s,1,1,1,1,NA,,yes,298612,355523,418.7,,,37,1,1,1,1,NA,0,0,14,3,172,169,152,-17,6,24,169,17,9,2016,13.23,15.32,3.45,4.39,186,204
57,,,,,Clocaenog,SH9840355176,Cefn Hafon Lom South,20/06/2016,,2016,10,,36,s,1,1,1,1,NA,,yes,298403,355176,432.4,,,70,0,1,1,1,NA,0,0,10,12,172,160,152,-8,6,23,160,8,6,2016,14.59,13.36,2.71,6.29,177,195
57,,,,,Clocaenog,SH9840355176,Cefn Hafon Lom South,20/06/2016,,2016,10,,36,s,1,1,1,1,NA,,yes,298403,355176,432.4,,,70,0,1,1,1,NA,0,0,10,12,172,160,152,-8,6,23,160,8,6,2016,14.59,13.36,2.71,6.29,177,195
58,,,,,Clocaenog,SJ0201853920,Llyfarduu,31/07/2016,,2016,4,,36,s,1,1,1,1,1,1st brood,yes,302018,353920,415,,,51,0,1,1,1,NA,0,0,4,36,213,177,152,-25,6,25,177,25,6,2016,13.36,15.82,6.29,1.11,194,212
58,,,,,Clocaenog,SJ0201853920,Llyfarduu,31/07/2016,,2016,4,,36,s,1,1,1,1,1,1st brood,yes,302018,353920,415,,,51,0,1,1,1,NA,0,0,4,36,213,177,152,-25,6,25,177,25,6,2016,13.36,15.82,6.29,1.11,194,212
59,,,,,PyC,SS8257998481,T6,16/06/2016,,2016,0,,0,f,0,1,1,0,NA,,yes,282579,198481,302.8,,0,101,0,0,1,1,NA,1,1,0,2,168,166,152,-14,6,24,166,14,6,2016,14.61,15.81,5.85,1.28,183,201
59,,,,,PyC,SS8257998481,T6,16/06/2016,,2016,0,,36,s,1,1,1,1,NA,,yes,282579,198481,302.8,,0,101,0,0,1,1,NA,1,1,0,2,168,166,152,-14,6,24,166,14,6,2016,14.61,15.81,5.85,1.28,183,201
60,,,,,Brechfa,,2.1,07/06/2016,,2016,27,20,27,f,0,1,1,0,1,,yes,248175.2,233635.2,345.1,clearing 18 - territoy no. 4,0,207,0,0,0,0,NA,0,0,27,14,159,145,152,7,5,21,145,25,5,2016,15.09,14.96,0.21,4.5,162,180
60,,,,,Brechfa,,2.1,07/06/2016,,2016,27,20,27,f,0,1,1,0,1,,yes,248175.2,233635.2,345.1,clearing 18 - territoy no. 4,0,207,0,0,0,0,NA,0,0,27,14,159,145,152,7,5,21,145,25,5,2016,15.09,14.96,0.21,4.5,162,180
61,LJ60658,5,,,Brechfa,,6.1,22/06/2016,,2016,34,9,36,s,1,1,1,1,1,,yes,247947.4,232170.5,317.8,Clearing 9 - territory 12,0,65,0,1,1,1,NA,0,0,34,9,174,165,152,-13,6,24,165,13,6,2016,14.81,15.36,5.87,1.44,182,200
61,LJ60658,5,,,Brechfa,,6.1,22/06/2016,,2016,34,9,36,s,1,1,1,1,1,,yes,247947.4,232170.5,317.8,Clearing 9 - territory 12,0,65,0,1,1,1,NA,0,0,34,9,174,165,152,-13,6,24,165,13,6,2016,14.81,15.36,5.87,1.44,182,200
62,,,LJ60505,4,Brechfa,,8.1,24/06/2016,,2016,36,16,36,s,1,1,1,1,1,,yes,248494.9,231153.8,308.3,Clearing 12 Same female as 2015,0,39,1,1,1,1,NA,0,0,36,19,176,157,152,-5,6,22,157,5,6,2016,15.73,14.88,4.24,3.19,174,192
62,,,LJ60505,4,Brechfa,,8.1,24/06/2016,,2016,36,16,36,s,1,1,1,1,1,,yes,248494.9,231153.8,308.3,Clearing 12 Same female as 2015,0,39,1,1,1,1,NA,0,0,36,19,176,157,152,-5,6,22,157,5,6,2016,15.73,14.88,4.24,3.19,174,192
63,,,LJ17192,4,Brechfa,,5.1,03/07/2016,,2016,38,9,36,s,1,1,1,1,1,,yes,250067.1,232606,307.4,Main clearing,0,50,1,1,1,1,NA,0,0,38,22,185,163,152,-11,6,23,163,11,6,2016,14.96,15.01,4.5,3.24,180,198
63,,,LJ17192,4,Brechfa,,5.1,03/07/2016,,2016,38,9,36,s,1,1,1,1,1,,yes,250067.1,232606,307.4,Main clearing,0,50,1,1,1,1,NA,0,0,38,22,185,163,152,-11,6,23,163,11,6,2016,14.96,15.01,4.5,3.24,180,198
64,,,,,Brechfa,,3.1,03/07/2016,,2016,0,1,0,f,0,1,1,0,1,,yes,249044.4,233261.5,326,Terr 5-N of Crossroads. One chick predated by fox -while at FM/FL stage TERRITORY 5,1,37,1,1,1,1,NA,0,0,0,36,185,149,152,3,5,21,149,29,5,2016,15.68,14.78,0.85,5.66,166,184
64,,,,,Brechfa,,3.1,03/07/2016,,2016,0,1,36,s,1,1,1,1,1,,yes,249044.4,233261.5,326,Terr 5-N of Crossroads. One chick predated by fox -while at FM/FL stage TERRITORY 5,1,37,1,1,1,1,NA,0,0,0,36,185,149,152,3,5,21,149,29,5,2016,15.68,14.78,0.85,5.66,166,184
65,,,,,Brechfa,,4.2,11/07/2016,,2016,23,11,23,f,0,1,1,0,2,,yes,249864,232818.1,303,Terr 8 -In thicket near clearing 27. Predated at c 12 days.,1,115,0,0,1,1,NA,0,0,23,19,193,174,152,-22,6,25,174,22,6,2016,14.83,16.75,2.66,1.82,191,209
65,,,,,Brechfa,,4.2,11/07/2016,,2016,23,11,23,f,0,1,1,0,2,,yes,249864,232818.1,303,Terr 8 -In thicket near clearing 27. Predated at c 12 days.,1,115,0,0,1,1,NA,0,0,23,19,193,174,152,-22,6,25,174,22,6,2016,14.83,16.75,2.66,1.82,191,209
66,,,,,Brechfa,,1.1,12/07/2016,,2016,0,1,36,s,1,1,1,1,1,,yes,249102.4,234802.3,362.5,In top clearing,0,167,0,0,0,1,NA,0,0,0,30,194,164,152,-12,6,23,164,12,6,2016,14.9,15.11,5.62,2.1,181,199
66,,,,,Brechfa,,1.1,12/07/2016,,2016,0,1,36,s,1,1,1,1,1,,yes,249102.4,234802.3,362.5,In top clearing,0,167,0,0,0,1,NA,0,0,0,30,194,164,152,-12,6,23,164,12,6,2016,14.9,15.11,5.62,2.1,181,199
67,,,,,Brechfa,,6.2,14/07/2016,,2016,10,9,10,f,0,1,1,0,2,,yes,247369.8,231346.4,309.5,"Clearing 2 2nd brood, predated at hatching stage",1,82,0,1,1,1,NA,0,0,10,10,196,186,152,-34,7,27,186,4,7,2016,16.22,16.44,1.68,4.76,203,221
67,,,,,Brechfa,,6.2,14/07/2016,,2016,10,9,10,f,0,1,1,0,2,,yes,247369.8,231346.4,309.5,"Clearing 2 2nd brood, predated at hatching stage",1,82,0,1,1,1,NA,0,0,10,10,196,186,152,-34,7,27,186,4,7,2016,16.22,16.44,1.68,4.76,203,221
68,,,,,Brechfa,,6.1,13/07/2016,,2016,26,0,36,s,1,1,1,1,1,,yes,247368.8,231365.8,310,1st brood in Clearing 2,,64,0,1,1,1,NA,0,0,26,36,195,159,152,-7,6,23,159,7,6,2016,15.4,14.91,4.38,3.32,176,194
68,,,,,Brechfa,,6.1,13/07/2016,,2016,26,0,36,s,1,1,1,1,1,,yes,247368.8,231365.8,310,1st brood in Clearing 2,,64,0,1,1,1,NA,0,0,26,36,195,159,152,-7,6,23,159,7,6,2016,15.4,14.91,4.38,3.32,176,194
69,,,,,Brechfa,,4.1,27/06/2016,,2016,16,0,16,f,0,1,1,0,1,,yes,249903.6,232703.9,302.8,Predated at hatching stage probably by fox,1,122,0,0,1,1,NA,0,0,16,19,179,160,152,-8,6,23,160,8,6,2016,15.33,14.91,4.32,3.32,177,195
69,,,,,Brechfa,,4.1,27/06/2016,,2016,16,0,16,f,0,1,1,0,1,,yes,249903.6,232703.9,302.8,Predated at hatching stage probably by fox,1,122,0,0,1,1,NA,0,0,16,19,179,160,152,-8,6,23,160,8,6,2016,15.33,14.91,4.32,3.32,177,195
70,,,,,Brechfa,,2.1,31/05/2017,,2017,1,34,1,f,0,1,0,0,1,,yes,247368.8,231353.4,309.7,,0,74,0,1,1,1,NA,1,1,1,2,151,149,151,2,5,21,149,29,5,2016,15.68,14.78,0.85,5.66,166,184
70,,,,,Brechfa,,2.1,31/05/2017,,2017,1,34,36,s,1,1,1,1,1,,yes,247368.8,231353.4,309.7,,0,74,0,1,1,1,NA,1,1,1,2,151,149,151,2,5,21,149,29,5,2016,15.68,14.78,0.85,5.66,166,184
71,,,,,Brechfa,,21.1,04/06/2017,,2017,0,4,0,f,0,1,0,0,1,,yes,249156.5,232732.4,321.1,,0,49,1,1,1,1,NA,1,1,0,2,155,153,151,-2,6,22,153,1,6,2016,15.51,14.76,3.04,3.5,170,188
71,,,,,Brechfa,,21.1,04/06/2017,,2017,0,4,0,f,0,1,0,0,1,,yes,249156.5,232732.4,321.1,,0,49,1,1,1,1,NA,1,1,0,2,155,153,151,-2,6,22,153,1,6,2016,15.51,14.76,3.04,3.5,170,188
72,,,,,Brechfa,,12.1,02/06/2017,,2017,1,34,36,s,1,1,1,1,1,,yes,248495,231078.6,314.3,,0,96,0,1,1,1,NA,1,1,1,1,153,152,151,-1,6,22,152,31,5,2016,15.52,14.76,3.04,3.5,169,187
72,,,,,Brechfa,,12.1,02/06/2017,,2017,1,34,36,s,1,1,1,1,1,,yes,248495,231078.6,314.3,,0,96,0,1,1,1,NA,1,1,1,1,153,152,151,-1,6,22,152,31,5,2016,15.52,14.76,3.04,3.5,169,187
73,,,,,Brechfa,,27A.1,12/06/2017,,2017,0,29,36,s,1,1,1,1,1,,yes,250087.9,232650.5,311.1,,0,53,0,1,1,1,NA,1,1,0,7,163,156,151,-5,6,22,156,4,6,2016,15.48,14.83,3.04,2.66,173,191
73,,,,,Brechfa,,27A.1,12/06/2017,,2017,0,29,36,s,1,1,1,1,1,,yes,250087.9,232650.5,311.1,,0,53,0,1,1,1,NA,1,1,0,7,163,156,151,-5,6,22,156,4,6,2016,15.48,14.83,3.04,2.66,173,191
74,LJ60670,5,LJ84712,,Brechfa,,14.1,21/06/2017,,2017,0,21,0,f,0,1,1,0,1,,yes,248571.2,232718.6,324.1,,,85,0,1,1,1,NA,1,1,0,6,172,166,151,-15,6,24,166,15,6,2017,16.48,16.81,0.57,1.74,183,201
74,LJ60670,5,LJ84712,,Brechfa,,14.1,21/06/2017,,2017,0,21,0,f,0,1,1,0,1,,yes,248571.2,232718.6,324.1,,,85,0,1,1,1,NA,1,1,0,6,172,166,151,-15,6,24,166,15,6,2017,16.48,16.81,0.57,1.74,183,201
75,,,,,Brechfa,,11.1,10/07/2017,,2017,0,0,0,f,0,1,0,0,1,,yes,248446.5,231527.4,289.9,,,122,0,0,1,1,NA,1,1,0,36,191,155,151,-4,6,22,155,4,6,2017,15.92,15.82,4.02,0.64,172,190
75,,,,,Brechfa,,11.1,10/07/2017,,2017,0,0,36,s,1,1,1,1,1,,yes,248446.5,231527.4,289.9,,,122,0,0,1,1,NA,1,1,0,36,191,155,151,-4,6,22,155,4,6,2017,15.92,15.82,4.02,0.64,172,190
76,,,,,Brechfa,,23.1,27/06/2017,,2017,34,30,36,s,1,1,1,1,1,,yes,248851.6,234353.4,345.2,,0,100,0,1,1,1,NA,1,1,34,6,178,172,151,-21,6,25,172,21,6,2017,16.02,16.55,0.62,4.24,189,207
76,,,,,Brechfa,,23.1,27/06/2017,,2017,34,30,36,s,1,1,1,1,1,,yes,248851.6,234353.4,345.2,,0,100,0,1,1,1,NA,1,1,34,6,178,172,151,-21,6,25,172,21,6,2017,16.02,16.55,0.62,4.24,189,207
77,,,,,Brechfa,,2.2,02/07/2017,,2017,0,5,0,f,0,1,0,0,2,,yes,247366.2,231299.6,307.8,,,88,0,1,1,1,NA,1,1,0,2,183,181,151,-30,7,26,181,30,6,2017,16.18,16.48,1.44,5.01,198,216
77,,,,,Brechfa,,2.2,02/07/2017,,2017,0,5,0,f,0,1,0,0,2,,yes,247366.2,231299.6,307.8,,,88,0,1,1,1,NA,1,1,0,2,183,181,151,-30,7,26,181,30,6,2017,16.18,16.48,1.44,5.01,198,216
78,LC03056,,,,Brechfa,,16.1,05/07/2017,,2017,34,11,36,s,1,1,1,1,1,,yes,249156.1,231943.7,306,,0,108,0,0,1,1,NA,1,1,34,25,186,161,151,-10,6,23,161,10,6,2017,16.63,15.87,0.47,1.69,178,196
78,LC03056,,,,Brechfa,,16.1,05/07/2017,,2017,34,11,36,s,1,1,1,1,1,,yes,249156.1,231943.7,306,,0,108,0,0,1,1,NA,1,1,34,25,186,161,151,-10,6,23,161,10,6,2017,16.63,15.87,0.47,1.69,178,196
79,,,,,Brechfa,,OHL,07/07/2017,,2017,29,32,29,f,0,1,1,0,2,Overhead line,yes,247860.1,231577.2,312.2,,,53,0,1,1,1,NA,1,1,29,6,188,182,151,-31,7,26,182,1,7,2017,16.61,16.13,1.44,5.01,199,217
79,,,,,Brechfa,,OHL,07/07/2017,,2017,29,32,36,s,1,1,1,1,2,Overhead line,yes,247860.1,231577.2,312.2,,,53,0,1,1,1,NA,1,1,29,6,188,182,151,-31,7,26,182,1,7,2017,16.61,16.13,1.44,5.01,199,217
80,,,LJ17192,,Brechfa,,12.2,14/07/2017,,2017,18,23,36,s,1,1,1,1,2,,yes,248443.3,230797.7,306.6,,,308,0,0,0,0,NA,1,0,18,11,195,184,151,-33,7,26,184,3,7,2017,16.81,15.93,1.74,4.87,201,219
81,,,,,Brechfa,,21.2,25/07/2017,,2017,0,5,0,f,0,1,0,0,2,Probably the same female as T16,yes,249101.8,232777.7,323,,,61,0,1,1,1,NA,1,1,0,3,206,203,151,-52,7,29,203,22,7,2017,15.89,15.82,4.33,3.41,220,238
81,,,,,Brechfa,,21.2,25/07/2017,,2017,0,5,0,f,0,1,0,0,2,Probably the same female as T16,yes,249101.8,232777.7,323,,,61,0,1,1,1,NA,1,1,0,3,206,203,151,-52,7,29,203,22,7,2017,15.89,15.82,4.33,3.41,220,238
82,,,,,Brechfa,,27A.2,,,2017,30,0,36,s,1,1,1,1,2,based on single newly fledged juvenile ringed on 04/08/2017,no,250136.6,232718.3,311.7,,,72,0,1,1,1,NA,1,1,30,36,0,NA,151,187,NA,NA,NA,,,,,,,,,
83,,,,,Brechfa,,27B.1,,,2017,1,0,36,s,1,1,1,1,1,"Based on independant juvenile trapped on 04/08/2017, and two females present in the area",no,250344.8,232567.5,294.2,,,60,0,1,1,1,NA,1,1,1,36,0,NA,151,187,NA,NA,NA,,,,,,,,,
84,,,,,Brechfa,,18.2,,,2017,11,0,11,f,0,1,0,0,2,Female seen here on several occasions from 05/07/2017 with tagged male 311,no,249395.2,233547.8,316.3,,,85,0,1,1,1,NA,1,1,11,36,0,NA,151,187,NA,NA,NA,,,,,,,,,
84,,,,,Brechfa,,18.2,,,2017,11,0,11,f,0,1,0,0,2,Female seen here on several occasions from 05/07/2017 with tagged male 311,no,249395.2,233547.8,316.3,,,85,0,1,1,1,NA,1,1,11,36,0,NA,151,187,NA,NA,NA,,,,,,,,,
85,,,,,Brechfa,,18.1,,,2017,32,0,32,f,0,1,0,0,1,Behaviour of pair suggested a nest was present and intense clucking calls were heard on 26/06/2017. subsequent visits found no activity and failure is presumed,,248323.8,233769.3,338.8,,,81,0,1,1,1,NA,1,1,32,36,0,NA,151,187,NA,NA,NA,,,,,,,,,
85,,,,,Brechfa,,18.1,,,2017,32,0,32,f,0,1,0,0,1,Behaviour of pair suggested a nest was present and intense clucking calls were heard on 26/06/2017. subsequent visits found no activity and failure is presumed,,248323.8,233769.3,338.8,,,81,0,1,1,1,NA,1,1,32,36,0,NA,151,187,NA,NA,NA,,,,,,,,,
86,RK96122,4,LJ75945,4,PyC,SN9343702202,T71/ K02,14/06/2017,,2017,23,,36,s,1,1,1,1,1,,yes,293437,202202,434.8,,0,47,1,1,1,1,NA,0,0,23,10,165,155,151,-4,6,22,155,4,6,2017,,,,,172,190
86,RK96122,4,LJ75945,4,PyC,SN9343702202,T71/ K02,14/06/2017,,2017,23,,36,s,1,1,1,1,1,,yes,293437,202202,434.8,,0,47,1,1,1,1,NA,0,0,23,10,165,155,151,-4,6,22,155,4,6,2017,,,,,172,190
87,,,,,Bryn,SS8142891350,Quarry nest,16/07/2017,,2017,1,,1,f,0,1,1,0,1,,yes,281428,191350,218.7,,,21,1,1,1,1,NA,0,0,1,24,197,173,151,-22,6,25,173,22,6,2017,,,,,190,208
87,,,,,Bryn,SS8142891350,Quarry nest,16/07/2017,,2017,1,,36,s,1,1,1,1,1,,yes,281428,191350,218.7,,,21,1,1,1,1,NA,0,0,1,24,197,173,151,-22,6,25,173,22,6,2017,,,,,190,208
88,,,LJ75940,4,PyC,SS8289898513,T6/C05,22/06/2017,,2017,0,,0,f,0,1,1,0,2,,yes,282880,198529,315.3,,1,95,0,1,1,1,NA,0,0,0,15,173,158,151,-7,6,23,158,7,6,2017,,,,,175,193
88,,,LJ75940,4,PyC,SS8289898513,T6/C05,22/06/2017,,2017,0,,0,f,0,1,1,0,2,,yes,282880,198529,315.3,,1,95,0,1,1,1,NA,0,0,0,15,173,158,151,-7,6,23,158,7,6,2017,,,,,175,193
89,LB09362,4,LB09373,4,Bryn,SS8199990283,Slope N,23/07/2017,,2017,0,,36,s,1,1,1,1,1,,yes,281999,190283,236.8,,,86,0,1,1,1,NA,0,0,0,30,204,174,151,-23,6,25,174,23,6,2017,,,,,191,209
89,LB09362,4,LB09373,4,Bryn,SS8199990283,Slope N,23/07/2017,,2017,0,,36,s,1,1,1,1,1,,yes,281999,190283,236.8,,,86,0,1,1,1,NA,0,0,0,30,204,174,151,-23,6,25,174,23,6,2017,,,,,191,209
90,LB09363,4,LB09377,4,Bryn,SS8234590151,Slope S,07/08/2017,,2017,0,,36,s,1,1,1,1,2,,yes,282345,190151,253.9,,,79,0,1,1,1,NA,0,0,0,34,219,185,151,-34,7,26,185,4,7,2017,,,,,202,220
90,LB09363,4,LB09377,4,Bryn,SS8234590151,Slope S,07/08/2017,,2017,0,,36,s,1,1,1,1,2,,yes,282345,190151,253.9,,,79,0,1,1,1,NA,0,0,0,34,219,185,151,-34,7,26,185,4,7,2017,,,,,202,220
91,LH76726,4,LJ75959,4,PyC,SN8772701321,CE T21 area/B01,25/07/2017,,2017,0,,36,s,1,1,1,1,NA,,yes,287727,201321,431.8,,0,155,0,0,0,1,NA,0,0,0,13,206,193,151,-42,7,28,193,12,7,2017,,,,,210,228
91,LH76726,4,LJ75959,4,PyC,SN8772701321,CE T21 area/B01,25/07/2017,,2017,0,,36,s,1,1,1,1,NA,,yes,287727,201321,431.8,,0,155,0,0,0,1,NA,0,0,0,13,206,193,151,-42,7,28,193,12,7,2017,,,,,210,228
92,,,LJ75945,4,PyC,SN9306102766,J01/ T60,06/07/2017,,2017,19,,36,s,1,1,1,1,2,2nd brood,yes,293050,202771,484.5,,0,85,0,1,1,1,NA,0,0,19,6,187,181,151,-30,7,26,181,30,6,2017,,,,,198,216
92,,,LJ75945,4,PyC,SN9306102766,J01/ T60,06/07/2017,,2017,19,,36,s,1,1,1,1,2,2nd brood,yes,293050,202771,484.5,,0,85,0,1,1,1,NA,0,0,19,6,187,181,151,-30,7,26,181,30,6,2017,,,,,198,216
93,,,LJ75937,4,PyC,SN9423401834,T73 slope/K03,06/07/2017,,2017,23,,23,f,0,1,1,0,NA,,yes,294221,201847,429.3,,1,40,1,1,1,1,NA,0,0,23,6,187,181,151,-30,7,26,181,30,6,2017,,,,,198,216
93,,,LJ75937,4,PyC,SN9423401834,T73 slope/K03,06/07/2017,,2017,23,,23,f,0,1,1,0,NA,,yes,294221,201847,429.3,,1,40,1,1,1,1,NA,0,0,23,6,187,181,151,-30,7,26,181,30,6,2017,,,,,198,216
94,LH76623,,LE43324,,Clocaenog,SJ0084354344  ,Nest 1 Carnedd Ci (2nd? brood),12/07/2017,,2017,14,,36,s,1,1,1,1,NA,,yes,300843,354344,449.1,Nest 1 Carnedd Ci (2nd? brood),0,142,0,0,1,1,NA,0,0,14,7,193,186,151,-35,7,27,186,5,7,2017,,,,,203,221
94,LH76623,,LE43324,,Clocaenog,SJ0084354344  ,Nest 1 Carnedd Ci (2nd? brood),12/07/2017,,2017,14,,36,s,1,1,1,1,NA,,yes,300843,354344,449.1,Nest 1 Carnedd Ci (2nd? brood),0,142,0,0,1,1,NA,0,0,14,7,193,186,151,-35,7,27,186,5,7,2017,,,,,203,221
95,LH76535,,LJ75949,,Clocaenog,SJ0239952172,Nest 2 Off Central Clearing  ,09/07/2017,,2017,9,,36,s,1,1,1,1,NA,,yes,302399,352172,430.6,Nest 2 Off Central Clearing  ,0,36,1,1,1,1,NA,0,0,9,15,190,175,151,-24,6,25,175,24,6,2017,,,,,192,210
95,LH76535,,LJ75949,,Clocaenog,SJ0239952172,Nest 2 Off Central Clearing  ,09/07/2017,,2017,9,,36,s,1,1,1,1,NA,,yes,302399,352172,430.6,Nest 2 Off Central Clearing  ,0,36,1,1,1,1,NA,0,0,9,15,190,175,151,-24,6,25,175,24,6,2017,,,,,192,210
96,LE43318,,LJ75968,,Clocaenog,SJ0109256666,Nest 3 Aber Terfyn (2nd brood ?) ,22/07/2017,,2017,1,,1,f,0,1,1,0,NA,,yes,301092,356666,460.8,Nest 3 Aber Terfyn (2nd brood ?) ,?,75,0,1,1,1,NA,0,0,1,3,203,200,151,-49,7,29,200,19,7,2017,,,,,217,235
96,LE43318,,LJ75968,,Clocaenog,SJ0109256666,Nest 3 Aber Terfyn (2nd brood ?) ,22/07/2017,,2017,1,,1,f,0,1,1,0,NA,,yes,301092,356666,460.8,Nest 3 Aber Terfyn (2nd brood ?) ,?,75,0,1,1,1,NA,0,0,1,3,203,200,151,-49,7,29,200,19,7,2017,,,,,217,235
97,,,,,Clocaenog,SJ0212054030,Nest 4  Llyfarddu (1st brood) ,06/07/2017,,2017,0,,36,s,1,1,1,1,NA,,yes,302120,354030,413.1,Nest 4  Llyfarddu (1st brood) ,0,49,1,1,1,1,NA,0,0,0,26,187,161,151,-10,6,23,161,10,6,2017,,,,,178,196
98,,,,,Clocaenog,SJ0226054180,Nest 5 Llyfarddu  (2nd brood) ,23/07/2017,,2017,17,,17,f,0,1,0,0,NA,,yes,302260,354180,409.6,Nest 5 Llyfarddu  (2nd brood) ,0,35,1,1,1,1,NA,0,0,17,16,204,188,151,-37,7,27,188,7,7,2017,,,,,205,223
99,,,,,Clocaenog, SJ0163054480,Nest 6  Foel Frech ,23/07/2017,,2017,12,,36,s,1,1,1,1,NA,,yes,301630,354480,419.5,Nest 6  Foel Frech ,0,104,0,0,1,1,NA,0,0,12,36,204,168,151,-17,6,24,168,17,6,2017,,,,,185,203
99,,,,,Clocaenog, SJ0163054480,Nest 6  Foel Frech ,23/07/2017,,2017,12,,36,s,1,1,1,1,NA,,yes,301630,354480,419.5,Nest 6  Foel Frech ,0,104,0,0,1,1,NA,0,0,12,36,204,168,151,-17,6,24,168,17,6,2017,,,,,185,203
100,LH76561,,LH76550 ,,Clocaenog,SJ0502251968,Nest 7  Boncyn Foel Bach (1st brood) ,23/06/2017,,2017,41,,36,s,1,1,1,1,NA,,yes,305022,351968,363.3,Nest 7  Boncyn Foel Bach (1st brood) ,0,15,1,1,1,1,NA,0,0,41,10,174,164,151,-13,6,23,164,13,6,2017,,,,,181,199
100,LH76561,,LH76550 ,,Clocaenog,SJ0502251968,Nest 7  Boncyn Foel Bach (1st brood) ,23/06/2017,,2017,41,,36,s,1,1,1,1,NA,,yes,305022,351968,363.3,Nest 7  Boncyn Foel Bach (1st brood) ,0,15,1,1,1,1,NA,0,0,41,10,174,164,151,-13,6,23,164,13,6,2017,,,,,181,199
101,,,LH76550,,Clocaenog,SJ0449751786,Nest 8  Boncyn Foel Bach (2nd brood) ,14/07/2017,,2017,20,,20,f,0,1,0,0,NA,,yes,304497,351786,335,Nest 8  Boncyn Foel Bach (2nd brood) ,0,54,0,1,1,1,NA,0,0,20,2,195,193,151,-42,7,28,193,12,7,2017,,,,,210,228
101,,,LH76550,,Clocaenog,SJ0449751786,Nest 8  Boncyn Foel Bach (2nd brood) ,14/07/2017,,2017,20,,20,f,0,1,0,0,NA,,yes,304497,351786,335,Nest 8  Boncyn Foel Bach (2nd brood) ,0,54,0,1,1,1,NA,0,0,20,2,195,193,151,-42,7,28,193,12,7,2017,,,,,210,228
102,,,,,Clocaenog,SJ0045452113,Nest 9  Below Craig Bronbanog Quarry ,16/07/2017,,2017,1,,36,s,1,1,1,1,NA,,yes,300454,352113,414.4,Nest 9  Below Craig Bronbanog Quarry ,0,195,0,0,0,1,NA,0,0,1,36,197,161,151,-10,6,23,161,10,6,2017,,,,,178,196
102,,,,,Clocaenog,SJ0045452113,Nest 9  Below Craig Bronbanog Quarry ,16/07/2017,,2017,1,,36,s,1,1,1,1,NA,,yes,300454,352113,414.4,Nest 9  Below Craig Bronbanog Quarry ,0,195,0,0,0,1,NA,0,0,1,36,197,161,151,-10,6,23,161,10,6,2017,,,,,178,196
103,,,,,Clocaenog,SH9870655353,Nest 10  Cefn Hafod Lom North ,25/07/2017,,2017,1,,36,s,1,1,1,1,NA,,yes,298706,355353,427,Nest 10  Cefn Hafod Lom North ,0,259,0,0,0,0,NA,0,0,1,36,206,170,151,-19,6,24,170,19,6,2017,,,,,187,205
103,,,,,Clocaenog,SH9870655353,Nest 10  Cefn Hafod Lom North ,25/07/2017,,2017,1,,36,s,1,1,1,1,NA,,yes,298706,355353,427,Nest 10  Cefn Hafod Lom North ,0,259,0,0,0,0,NA,0,0,1,36,206,170,151,-19,6,24,170,19,6,2017,,,,,187,205
104,LH76534,,LH76962,,Clocaenog,SJ 01096 52173,Nest1/ 3a,29/06/2014,,2014,0,,36,s,1,1,1,1,1,,yes,301096,352173,440,nest 1,0,65,0,1,1,1,NA,0,0,0,23,180,157,151,-6,6,22,157,6,6,2014,,,,,174,192
104,LH76534,,LH76962,,Clocaenog,SJ 01096 52173,Nest1/ 3a,29/06/2014,,2014,0,,36,s,1,1,1,1,1,,yes,301096,352173,440,nest 1,0,65,0,1,1,1,NA,0,0,0,23,180,157,151,-6,6,22,157,6,6,2014,,,,,174,192
105,,,LH76962,,Clocaenog,SJ 01073 52452,nest2/ 3b,07/07/2014,,2014,0,,36,s,1,1,1,1,2,,yes,301073,352452,430,nest2,0,98,0,1,1,1,NA,0,0,0,3,188,185,151,-34,7,26,185,4,7,2014,,,,,202,220
105,,,LH76962,,Clocaenog,SJ 01073 52452,nest2/ 3b,07/07/2014,,2014,0,,36,s,1,1,1,1,2,,yes,301073,352452,430,nest2,0,98,0,1,1,1,NA,0,0,0,3,188,185,151,-34,7,26,185,4,7,2014,,,,,202,220
106,,,,,Clocaenog,SJ 04770 52269,nest3/ 6a,23/07/2014,,2014,0,,36,s,1,1,1,1,NA,,yes,304770,352269,359,nest3,0,28,1,1,1,1,NA,0,0,0,26,204,178,151,-27,6,25,178,27,6,2014,,,,,195,213
106,,,,,Clocaenog,SJ 04770 52269,nest3/ 6a,23/07/2014,,2014,0,,36,s,1,1,1,1,NA,,yes,304770,352269,359,nest3,0,28,1,1,1,1,NA,0,0,0,26,204,178,151,-27,6,25,178,27,6,2014,,,,,195,213
107,,,LH76625,,Clocaenog,SH 98512 55631,nest4/11a,15/08/2014,,2014,0,,36,s,1,1,1,1,NA,,yes,298512,355631,403,nest4,0,94,0,1,1,1,NA,0,0,0,30,227,197,151,-46,7,28,197,16,7,2014,,,,,214,232
107,,,LH76625,,Clocaenog,SH 98512 55631,nest4/11a,15/08/2014,,2014,0,,36,s,1,1,1,1,NA,,yes,298512,355631,403,nest4,0,94,0,1,1,1,NA,0,0,0,30,227,197,151,-46,7,28,197,16,7,2014,,,,,214,232
,,,,,Brechfa,SN4885334324,T23,26/06/2018,,2018,,,,,,,,,,,,,,,,,,,,,,,,,,,,,,,,,,,,,,,,,,
,,,,,Brechfa,SN4885334324,T23,26/06/2018,,2018,,,,,,,,,,,,,,,,,,,,,,,,,,,,,,,,,,,,,,,,,,
,,,,,Brechfa,?,T14,18/06/2018,,2018,,,,,,,,,,,,,,,,,,,,,,,,,,,,,,,,,,,,,,,,,,
,,,,,Brechfa,?,T14,18/06/2018,,2018,,,,,,,,,,,,,,,,,,,,,,,,,,,,,,,,,,,,,,,,,,
,LH77816,6,LH77808,6,PyC,SN9405100815,T81,26/07/2018,,2018,15,,36,s,1,1,1,0,2,"trail cam.2nd brood, female radio tracked to nest. Camera trap placed on nest",yes,294051,200815,,,0,,,,,,,,,,26,,,,,,,,,,,,,,,,
,LH77816,6,LH77808,6,PyC,SN9405100815,T81,26/07/2018,,2018,15,,36,s,1,1,1,0,2,"trail cam.2nd brood, female radio tracked to nest. Camera trap placed on nest",yes,294051,200815,,,0,,,,,,,,,,,,,,,,,,,,,,,,,,
,,,LB09390,6,PyC,SS8359797633,T1 ,03/07/2018,,2018,23,,24,f,0,1,1,0,2,"2nd brood, female radio tracked to nest. ",yes,283597,197633,,,1,,,,,,,,,,,,,,,,,,,,,,,,,,
,,,LB09390,6,PyC,SS8359797633,T1 ,03/07/2018,,2018,23,,24,f,0,1,1,0,2,"2nd brood, female radio tracked to nest. ",yes,283597,197633,,,1,,,,,,,,,,,,,,,,,,,,,,,,,,
,LH77800,6,LB09390,6,PyC,SS8353997401,T1,03/06/2018,06/07/2018,2018,23,,36,s,1,1,1,1,1,1st brood female radio tracked to nest,yes,283539,197401,,,0,,,,,,,,,,,,,,,,,,,,,,,,,,
,LH77800,6,LB09390,6,PyC,SS8353997401,T1,03/06/2018,06/07/2018,2018,23,,36,s,1,1,1,1,1,1st brood female radio tracked to nest,yes,283539,197401,,,0,,,,,,,,,,,,,,,,,,,,,,,,,,
,,,,,Bryn,SS8143691337,Quarry nest,03/07/2018,,2018,10,,36,s,1,1,1,1,1,1st brood located through cold searching,yes,281436,191337,,,,,,,,,,,,,,,,,,,,,,,,,,,,,
,,,,,Bryn,SS8143691337,Quarry nest,03/07/2018,,2018,10,,36,s,1,1,1,1,1,1st brood located through cold searching,yes,281436,191337,,,,,,,,,,,,,,,,,,,,,,,,,,,,,
,,,LB09377,,Bryn,SS8233790150,Southern slope brood 1,01/07/2018,11/07/2018,2018,10,,36,s,1,1,1,1,1,1st brood located through cold searching,yes,282337,190150,,,,,,,,,,,,,,,,,,,,,,,,,,,,,
,,,LB09377,,Bryn,SS8233790150,Southern slope brood 1,01/07/2018,11/07/2018,2018,10,,36,s,1,1,1,1,1,1st brood located through cold searching,yes,282337,190150,,,,,,,,,,,,,,,,,,,,,,,,,,,,,
,,,LB09377,,Bryn,SS82449009,Southern slope brood 2,12/07/2018,,2018,25,,25,f,0,1,1,0,2,2nd brood located through radio tracking female,yes,282440,190090,,,,,,,,,,,,,,,,,,,,,,,,,,,,,
,,,LB09377,,Bryn,SS82449010,Southern slope brood 2,12/07/2018,,2018,25,,25,f,0,1,1,0,2,2nd brood located through radio tracking female,yes,282440,190090,,,,,,,,,,,,,,,,,,,,,,,,,,,,,
,,,LH77804,6,Bryn,SS79738942,Western slope,25/07/2018,,2018,34,,36,s,1,1,0,0,,unknown brood. Located through radio tracking female.,yes,279730,189420,,,,,,,,,,,,,,,,,,,,,,,,,,,,,
,,,LH77804,6,Bryn,SS79738942,Western slope,25/07/2018,,2018,34,,36,s,1,1,1,1,,unknown brood. Located through radio tracking female.,yes,279730,189420,,,,,,,,,,,,,,,,,,,,,,,,,,,,,
,LH77805,6,,,Bryn,SS8311590321,Cwm Goblin,13/07/2018,16/07/2018,2018,3,,36,s,1,1,1,1,1,1st brood located through cold searching,yes,283115,190321,,,,,,,,,,,,,,,,,,,,,,,,,,,,,
,LH77805,6,,,Bryn,SS8311590321,Cwm Goblin,13/07/2018,16/07/2018,2018,3,,36,s,1,1,1,1,1,1st brood located through cold searching,yes,283115,190321,,,,,,,,,,,,,,,,,,,,,,,,,,,,,
,LH77809,6,,,Afan,SS8326092750,,25/07/2018,25/07/2018,2018,0,,36,s,1,1,1,1,,two chicks and adult male caught in net alongside of track,no,283260,192750,,,,,,,,,,,,,,,,,,,,,,,,,,,,,
,LH77809,6,,,Afan,SS8326092750,,25/07/2018,25/07/2018,2018,0,,36,s,1,1,1,1,,two chicks and adult male caught in net alongside of track,no,283260,192750,,,,,,,,,,,,,,,,,,,,,,,,,,,,,
,,,,,Clocaenog,,upper osprey platform,05/07/2018,,2018,,,,,,,,,,,yes,298267,355145,,,,,,,,,,,,,,,,,,,,,,,,,,,,,
,,,,,Clocaenog,,upper osprey platform,05/07/2018,,2018,,,,,,,,,,,yes,298267,355145,,,,,,,,,,,,,,,,,,,,,,,,,,,,,
,,,,,Clocaenog,,Llyfarddu,?,,2018,,,,,,,,,,,yes,302159,354074,,,,,,,,,,,,,,,,,,,,,,,,,,,,,
,,,,,Clocaenog,,Llyfarddu,?,,2018,,,,,,,,,,,yes,302159,354074,,,,,,,,,,,,,,,,,,,,,,,,,,,,,
,,,,,Clocaenog,,Met mast,,,2018,,,,,,,,,,,yes,,,,,,,,,,,,,,,,,,,,,,,,,,,,,,,
,,,,,Clocaenog,,Central clearing,06/07/2018,,2018,,,,,,,,,,trail cam,yes,301164,352514,,,,,,,,,,,,,,,,,,,,,,,,,,,,,
,,,,,Clocaenog,,Central clearing,06/07/2018,,2018,,,,,,,,,,trail cam. On eggs 0n 13/07/18,yes,301164,352514,,,,,,,,,,,,,,,,,,,,,,,,,,,,,
,,,,,Clocaenog,,Cefn hafod lom top,07/07/2018,,2018,,,,,,1,1,,,,yes,297892,353239,,,,,,,,,,,,,,,,,,,,,,,,,,,,,
,,,,,Clocaenog,,Gors y wern substation,08/07/2018,,2018,,,,,,,,,,,yes,301425,358562,,,,,,,,,,,,,,,,,,,,,,,,,,,,,
,,,,,Clocaenog,,Aberterfyn 1st brood,,08/07/2018,2018,,,,,,,,,,,yes,,,,,,,,,,,,,,,,,,,,,,,,,,,,,,,
,,,,,Clocaenog,,Aberterfyn 1st brood,,08/07/2018,2018,,,,,,,,,,,yes,,,,,,,,,,,,,,,,,,,,,,,,,,,,,,,
,,,,,Clocaenog,SH9842555689,Cefn hafod lom lower lakeside,11/07/2018,,2018,,,,,,,,,,,yes,298425,355689,,,,,,,,,,,,,,,,,,,,,,,,,,,,,
,,,,,Clocaenog,SH9842555689,Cefn hafod lom lower lakeside,11/07/2018,,2018,,,,,,,,,,,yes,298425,355689,,,,,,,,,,,,,,,,,,,,,,,,,,,,,
,,,,,Clocaenog,,Aberterfyn 2nd brood,13/07/2018,,2018,,,,,,,,,,trail cam,yes,301292,356885,,,,,,,,,,,,,,,,,,,,,,,,,,,,,
,,,LH76700,6,Clocaenog,,Clywedog,14/07/2018,,2018,,,,,,,,,,,yes,300287,357551,,,,,,,,,,,,,,,,,,,,,,,,,,,,,
,,,LH76706,6,Clocaenog,,Clywedog,14/07/2018,,2018,,,,,,,,,,,yes,300287,357551,,,,,,,,,,,,,,,,,,,,,,,,,,,,,
,,,,,Clocaenog,,T5,14/07/2018,,2018,,,,,,,,,2nd brood,trail cam,yes,300394,357549,,,,,,,,,,,,,,,,,,,,,,,,,,,,,
,,,LJ75288,6,Clocaenog,,Derwydd Mawr,16/07/2018,,2018,,,,,,,,,,,yes,301185,350076,,,,,,,,,,,,,,,,,,,,,,,,,,,,,
,,,LJ75288,6,Clocaenog,,Derwydd Mawr,16/07/2018,,2018,,,,,,,,,,,yes,301185,350076,,,,,,,,,,,,,,,,,,,,,,,,,,,,,
,,,,,Clocaenog,,Cefn hafod lom upper,18/07/2018,,2018,,,,,,1,1,,,chicks circa 6 days old on 06/08,yes,298395,355154,,,,,,,,,,,,,,,,,,,,,,,,,,,,,
,,,,,Clocaenog,,Cefn hafod lom upper,18/07/2018,,2018,,,,,,1,1,,,chicks circa 6 days old on 06/08,yes,298395,355154,,,,,,,,,,,,,,,,,,,,,,,,,,,,,
,,,,,Clocaenog,,Cefn hafod lom top,18/07/2018,,2018,,,,,,,,,,chicks ca 4 days old on 06/08,yes,298510,355218,,,,,,,,,,,,,,,,,,,,,,,,,,,,,
,,,,,Clocaenog,,Cefn hafod lom top,18/07/2018,,2018,,,,,,,,,,chicks ca 4 days old on 06/08,yes,298510,355218,,,,,,,,,,,,,,,,,,,,,,,,,,,,,
